iter	RMSE
0	0.3950802559
1	0.3792845299
